Response ID,Ever invested?,Investment duration,Main investment platform,Hardest part starting,Information source,Confidence before first investment (1-5),What would have made first investment easier?,Confusion while using investment app,Biggest investment concern,One improvement to investment apps
1,Yes,Less than 6 months,Zerodha,Understanding what to invest in,Friends/Family,3,Simple explanations; Better educational content,Never,Losing money,Easier comparison of investment options
2,Yes,1-3 years,Groww,Understanding risk,Google/Search,3,Step-by-step guidance; Simpler app interface,Sometimes,Market volatility,Step-by-step guidance for first-time investors
3,Yes,3+ years,Zerodha,Knowing where to start,YouTube,5,Examples showing how investing works; Simple explanations,Rarely,Unclear charges,Better educational videos and examples
4,Yes,6 months-1 year,Groww,Using the investment app,Google/Search,2,Simple explanations; Step-by-step guidance,Frequently,Making a transaction mistake,Better educational videos and examples
5,Yes,1-3 years,Zerodha,Understanding what to invest in,YouTube,3,Step-by-step guidance; Examples showing how investing works,Never,Making a transaction mistake,Better guidance on choosing investments
6,Yes,6 months-1 year,others,Understanding risk,YouTube,2,Better educational content; Better information about investments,Rarely,Losing money,A simple beginner-friendly learning section
7,Yes,3+ years,Dhan,Understanding what to invest in,Friends/Family,3,Step-by-step guidance,Never,Not knowing what to invest in,Easier comparison of investment options
8,Yes,1-3 years,Dhan,Understanding what to invest in,YouTube,5,Simple explanations,Rarely,Losing money,Better guidance on choosing investments
9,No,I haven't started yet,haven't used ant investment platform,I haven't started investing yet,Instagram/Social Media,1,Examples showing how investing works; Better information about investments; Better educational content,I haven't used an investment app,Not knowing what to invest in,Clearer explanations of risks and charges
10,Yes,Less than 6 months,Dhan,Understanding risk,Reddit/Online Forums,2,Simpler app interface,Sometimes,Losing money,Step-by-step guidance for first-time investors
11,No,I haven't started yet,haven't used ant investment platform,I haven't started investing yet,Investment App,3,Better educational content; Simpler app interface,I haven't used an investment app,Losing money,More transparent fees and charges
12,Yes,1-3 years,Groww,Understanding risk,Instagram/Social Media,1,Better educational content; Better information about investments; Step-by-step guidance,Sometimes,Losing money,Clearer order and transaction guidance
13,No,I haven't started yet,haven't used ant investment platform,I haven't started investing yet,YouTube,3,Better educational content; Step-by-step guidance; I haven't invested yet,I haven't used an investment app,Losing money,Personalized insights without making the app complicated
14,No,I haven't started yet,haven't used ant investment platform,I haven't started investing yet,YouTube,3,Examples showing how investing works; Simpler app interface; Step-by-step guidance,I haven't used an investment app,Lack of knowledge,Better educational videos and examples
15,No,I haven't started yet,haven't used ant investment platform,I haven't started investing yet,Reddit/Online Forums,3,Step-by-step guidance; I haven't invested yet,I haven't used an investment app,Lack of knowledge,Clearer explanations of risks and charges
16,Yes,6 months-1 year,Zerodha,Knowing where to start,Friends/Family,2,Step-by-step guidance,Never,Market volatility,Personalized insights without making the app complicated
17,Yes,Less than 6 months,others,Understanding financial terms,Instagram/Social Media,3,Clearer explanation of risk,Rarely,Losing money,Better educational videos and examples
18,Yes,1-3 years,Groww,Nothing was particularly difficult,YouTube,3,Step-by-step guidance,Sometimes,Market volatility,Better guidance on choosing investments
19,Yes,6 months-1 year,Zerodha,Nothing was particularly difficult,Instagram/Social Media,4,Better educational content; Simple explanations; Simpler app interface,Rarely,Losing money,More transparent fees and charges
20,Yes,1-3 years,Zerodha,Understanding what to invest in,YouTube,3,Clearer explanation of risk; Better information about investments,Never,Losing money,More practical examples before investing
21,No,I haven't started yet,haven't used ant investment platform,I haven't started investing yet,Friends/Family,3,Simple explanations,I haven't used an investment app,Losing money,Easier comparison of investment options
22,Yes,6 months-1 year,Upstox,Understanding financial terms,Investment App,3,Simple explanations; Examples showing how investing works; Better educational content,Frequently,Lack of knowledge,More transparent fees and charges
23,Yes,3+ years,Groww,Understanding financial terms,YouTube,2,Better information about investments,Rarely,Lack of knowledge,More practical examples before investing
24,Yes,6 months-1 year,Upstox,Understanding risk,Instagram/Social Media,4,Examples showing how investing works; Simple explanations,Never,Losing money,More transparent fees and charges
25,Yes,Less than 6 months,Zerodha,Knowing where to start,Google/Search,2,Better educational content,Sometimes,Lack of knowledge,Clearer explanations of risks and charges
26,Yes,1-3 years,others,Knowing where to start,Investment App,3,Better information about investments,Never,Understanding financial terms,More practical examples before investing
27,Yes,1-3 years,Dhan,Understanding financial terms,Google/Search,4,Simple explanations; Better educational content,Frequently,Lack of knowledge,Better guidance on choosing investments
28,Yes,6 months-1 year,Angle One,Understanding financial terms,Instagram/Social Media,1,Examples showing how investing works; Simple explanations; Better information about investments,Frequently,Market volatility,Better guidance on choosing investments
29,Yes,Less than 6 months,Zerodha,Nothing was particularly difficult,I don't usually research before investing,1,Better information about investments; Examples showing how investing works,Sometimes,Making a transaction mistake,Better educational videos and examples
30,No,I haven't started yet,haven't used ant investment platform,I haven't started investing yet,Financial Websites/News,4,Better educational content,I haven't used an investment app,Not knowing what to invest in,Better educational videos and examples
31,Yes,1-3 years,Zerodha,Nothing was particularly difficult,Financial Websites/News,4,Simple explanations; Clearer explanation of risk,Rarely,Losing money,Personalized insights without making the app complicated
32,Yes,3+ years,Groww,Understanding what to invest in,Financial Websites/News,3,Better educational content,Frequently,Losing money,Step-by-step guidance for first-time investors
33,Yes,1-3 years,Groww,Choosing an order type,Google/Search,1,Better information about investments; Simple explanations,Never,Losing money,Better educational videos and examples
34,Yes,1-3 years,Zerodha,Nothing was particularly difficult,YouTube,4,Examples showing how investing works; Better educational content,Sometimes,Losing money,More practical examples before investing
35,Yes,Less than 6 months,Zerodha,Nothing was particularly difficult,Investment App,3,Examples showing how investing works; Better information about investments; Clearer explanation of risk,Rarely,Losing money,More practical examples before investing
36,Yes,Less than 6 months,Zerodha,Nothing was particularly difficult,Friends/Family,4,Simple explanations; Better information about investments,Rarely,Not knowing what to invest in,Better educational videos and examples
37,No,I haven't started yet,haven't used ant investment platform,I haven't started investing yet,Friends/Family,2,Examples showing how investing works; Clearer explanation of risk,I haven't used an investment app,Not knowing what to invest in,More practical examples before investing
38,Yes,Less than 6 months,Groww,Understanding risk,Google/Search,3,Step-by-step guidance,Rarely,Making a transaction mistake,Clearer explanations of risks and charges
39,Yes,1-3 years,Dhan,Knowing where to start,Google/Search,4,Step-by-step guidance; Better educational content,Sometimes,Understanding financial terms,Clearer explanations of risks and charges
40,No,I haven't started yet,haven't used ant investment platform,I haven't started investing yet,I don't usually research before investing,4,Better educational content,I haven't used an investment app,Understanding financial terms,Easier comparison of investment options
41,Yes,1-3 years,Dhan,Knowing where to start,YouTube,3,Better educational content,Rarely,Lack of knowledge,Clearer order and transaction guidance
42,No,I haven't started yet,haven't used ant investment platform,I haven't started investing yet,I don't usually research before investing,3,Step-by-step guidance,I haven't used an investment app,Market volatility,Personalized insights without making the app complicated
43,Yes,1-3 years,Angle One,Understanding what to invest in,Reddit/Online Forums,3,Step-by-step guidance; Better information about investments,Sometimes,Not knowing what to invest in,Easier comparison of investment options
44,Yes,Less than 6 months,Zerodha,Knowing where to start,YouTube,2,Better educational content,Sometimes,Not knowing what to invest in,Clearer order and transaction guidance
45,No,I haven't started yet,haven't used ant investment platform,I haven't started investing yet,YouTube,4,Better information about investments,I haven't used an investment app,Lack of knowledge,Better educational videos and examples
46,No,I haven't started yet,haven't used ant investment platform,I haven't started investing yet,I don't usually research before investing,3,Examples showing how investing works,I haven't used an investment app,Understanding financial terms,Personalized insights without making the app complicated
47,Yes,1-3 years,Upstox,Understanding what to invest in,Friends/Family,3,Examples showing how investing works,Sometimes,Not knowing what to invest in,Better educational videos and examples
48,Yes,1-3 years,Upstox,Understanding what to invest in,Financial Websites/News,2,Better information about investments; Clearer explanation of risk,Sometimes,Not knowing what to invest in,Better educational videos and examples
49,Yes,Less than 6 months,Upstox,Understanding financial terms,I don't usually research before investing,2,Better educational content; Simple explanations,Rarely,Unclear charges,More transparent fees and charges
50,No,I haven't started yet,haven't used ant investment platform,I haven't started investing yet,Reddit/Online Forums,2,Step-by-step guidance,I haven't used an investment app,Lack of knowledge,Step-by-step guidance for first-time investors
51,Yes,Less than 6 months,Groww,Understanding risk,YouTube,3,Better information about investments,Never,Losing money,Better educational videos and examples
52,Yes,1-3 years,Upstox,Understanding risk,Friends/Family,2,Simple explanations; Examples showing how investing works,Rarely,Market volatility,Simpler charts and financial terminology
53,Yes,1-3 years,Upstox,Understanding risk,YouTube,3,Better educational content; Clearer explanation of risk,Rarely,Not knowing what to invest in,Better educational videos and examples
54,Yes,1-3 years,Groww,Understanding financial terms,Investment App,4,Better information about investments; Step-by-step guidance,Sometimes,Market volatility,A simple beginner-friendly learning section
55,Yes,1-3 years,Angle One,Understanding financial terms,Friends/Family,3,Better information about investments; Better educational content,Rarely,Not knowing what to invest in,Clearer order and transaction guidance
56,Yes,6 months-1 year,Upstox,Nothing was particularly difficult,YouTube,3,Simpler app interface; Better educational content,Rarely,Understanding financial terms,Clearer explanations of risks and charges
57,Yes,6 months-1 year,Groww,Understanding what to invest in,Instagram/Social Media,3,Better information about investments; Better educational content,Rarely,Not knowing what to invest in,Step-by-step guidance for first-time investors
58,Yes,6 months-1 year,Angle One,Understanding what to invest in,Reddit/Online Forums,4,Better information about investments; Simpler app interface,Rarely,Losing money,Easier comparison of investment options
59,Yes,3+ years,Angle One,Understanding what to invest in,Google/Search,3,Simple explanations,Rarely,Losing money,More practical examples before investing
60,No,I haven't started yet,haven't used ant investment platform,I haven't started investing yet,Reddit/Online Forums,4,Better information about investments,I haven't used an investment app,Losing money,Personalized insights without making the app complicated
61,Yes,3+ years,Zerodha,Using the investment app,YouTube,2,Step-by-step guidance; Better educational content,Rarely,Lack of knowledge,Step-by-step guidance for first-time investors
62,Yes,6 months-1 year,Groww,Understanding what to invest in,Friends/Family,3,Better information about investments; Examples showing how investing works; Clearer explanation of risk,Rarely,Not knowing what to invest in,Clearer order and transaction guidance
63,Yes,3+ years,Upstox,Understanding risk,Friends/Family,3,Step-by-step guidance; Simple explanations,Frequently,Losing money,More practical examples before investing
64,Yes,6 months-1 year,Zerodha,Understanding risk,Friends/Family,3,Simpler app interface; Examples showing how investing works,Rarely,Market volatility,More transparent fees and charges
65,Yes,1-3 years,Groww,Nothing was particularly difficult,Financial Websites/News,2,Examples showing how investing works; Better information about investments,Sometimes,Not knowing what to invest in,Personalized insights without making the app complicated
66,Yes,1-3 years,others,Understanding financial terms,Instagram/Social Media,2,Better information about investments; Nothing in particular,Frequently,Not knowing what to invest in,More transparent fees and charges
67,No,I haven't started yet,haven't used ant investment platform,I haven't started investing yet,Financial Advisor,3,Simpler app interface; Better information about investments; Examples showing how investing works; I haven't invested yet,I haven't used an investment app,Other,Better guidance on choosing investments
68,Yes,1-3 years,Dhan,Understanding what to invest in,Instagram/Social Media,4,Better information about investments,Rarely,Losing money,A simple beginner-friendly learning section
69,No,I haven't started yet,haven't used ant investment platform,I haven't started investing yet,Google/Search,3,Better educational content; Examples showing how investing works; Simple explanations,I haven't used an investment app,Not knowing what to invest in,Simpler charts and financial terminology
70,Yes,Less than 6 months,Angle One,Using the investment app,Financial Websites/News,1,Examples showing how investing works,Never,Not knowing what to invest in,Personalized insights without making the app complicated
71,Yes,1-3 years,Zerodha,Understanding financial terms,Investment App,3,Examples showing how investing works; Step-by-step guidance; Simpler app interface,Rarely,Losing money,Clearer explanations of risks and charges
72,Yes,Less than 6 months,haven't used ant investment platform,Nothing was particularly difficult,Instagram/Social Media,1,Examples showing how investing works; Simpler app interface,Rarely,Lack of knowledge,Personalized insights without making the app complicated
73,No,I haven't started yet,haven't used ant investment platform,I haven't started investing yet,Google/Search,3,Examples showing how investing works; Simpler app interface; Step-by-step guidance,I haven't used an investment app,Not knowing what to invest in,Step-by-step guidance for first-time investors
74,Yes,3+ years,Zerodha,Understanding risk,Google/Search,1,Simpler app interface; Clearer explanation of risk,Rarely,Market volatility,Personalized insights without making the app complicated
75,Yes,6 months-1 year,Groww,Understanding financial terms,Instagram/Social Media,2,Step-by-step guidance; Clearer explanation of risk,Sometimes,Understanding financial terms,More practical examples before investing
76,Yes,3+ years,Zerodha,Nothing was particularly difficult,Financial Websites/News,4,Examples showing how investing works,Sometimes,I don't have a major concern,A simple beginner-friendly learning section
77,No,I haven't started yet,haven't used ant investment platform,I haven't started investing yet,Instagram/Social Media,3,Clearer explanation of risk; Simpler app interface,I haven't used an investment app,Not knowing what to invest in,A simple beginner-friendly learning section
78,Yes,3+ years,Zerodha,Understanding risk,Friends/Family,5,Better information about investments; Simpler app interface,Rarely,Market volatility,Personalized insights without making the app complicated
79,No,I haven't started yet,haven't used ant investment platform,I haven't started investing yet,YouTube,1,Step-by-step guidance; Simpler app interface; Simple explanations,I haven't used an investment app,Lack of knowledge,A simple beginner-friendly learning section
80,Yes,1-3 years,Upstox,Knowing where to start,Google/Search,1,Clearer explanation of risk; Step-by-step guidance,Sometimes,Losing money,Better educational videos and examples
81,Yes,1-3 years,Zerodha,Knowing where to start,Investment App,3,Clearer explanation of risk,Sometimes,Market volatility,Personalized insights without making the app complicated
82,Yes,Less than 6 months,Angle One,Nothing was particularly difficult,Friends/Family,1,Simpler app interface; Clearer explanation of risk,Sometimes,Not knowing what to invest in,Personalized insights without making the app complicated
83,No,I haven't started yet,haven't used ant investment platform,I haven't started investing yet,Google/Search,3,Examples showing how investing works,I haven't used an investment app,Lack of knowledge,Step-by-step guidance for first-time investors
84,No,I haven't started yet,haven't used ant investment platform,I haven't started investing yet,Google/Search,5,Examples showing how investing works,I haven't used an investment app,Lack of knowledge,More practical examples before investing
85,No,I haven't started yet,haven't used ant investment platform,I haven't started investing yet,I don't usually research before investing,3,Better educational content; Step-by-step guidance; Examples showing how investing works,I haven't used an investment app,Unclear charges,More transparent fees and charges
86,Yes,1-3 years,Groww,Understanding risk,Friends/Family,4,Better information about investments; Clearer explanation of risk; Nothing in particular,Rarely,Market volatility,Simpler charts and financial terminology
87,Yes,Less than 6 months,Zerodha,Understanding risk,YouTube,1,Better information about investments; Step-by-step guidance,Rarely,I don't have a major concern,Personalized insights without making the app complicated
88,No,I haven't started yet,haven't used ant investment platform,I haven't started investing yet,Google/Search,4,Simple explanations; I haven't invested yet,I haven't used an investment app,Unclear charges,More transparent fees and charges
89,No,I haven't started yet,haven't used ant investment platform,I haven't started investing yet,Financial Websites/News,5,Better information about investments; Simple explanations,I haven't used an investment app,Other,Clearer explanations of risks and charges
90,Yes,Less than 6 months,Zerodha,Understanding risk,Google/Search,2,Clearer explanation of risk; Simple explanations,Rarely,Not knowing what to invest in,Easier comparison of investment options
91,Yes,1-3 years,Groww,Understanding risk,Instagram/Social Media,4,Simple explanations,Rarely,Losing money,Personalized insights without making the app complicated
92,Yes,6 months-1 year,Groww,Understanding what to invest in,Google/Search,4,Simpler app interface; Step-by-step guidance,Rarely,Lack of knowledge,A better way to understand portfolio performance
93,Yes,1-3 years,Zerodha,Nothing was particularly difficult,YouTube,3,Simple explanations; Simpler app interface; Better information about investments,Sometimes,I don't have a major concern,A better way to understand portfolio performance
94,Yes,6 months-1 year,Zerodha,Knowing where to start,Financial Websites/News,3,Simple explanations; Better educational content,Rarely,Making a transaction mistake,More transparent fees and charges
95,No,I haven't started yet,haven't used ant investment platform,I haven't started investing yet,Investment App,2,Examples showing how investing works; Step-by-step guidance,I haven't used an investment app,Unclear charges,More transparent fees and charges
96,Yes,Less than 6 months,Dhan,Knowing where to start,Financial Websites/News,1,Simpler app interface,Sometimes,Losing money,Better guidance on choosing investments
97,Yes,1-3 years,Zerodha,Understanding what to invest in,YouTube,2,Clearer explanation of risk; Better educational content,Rarely,Lack of knowledge,Easier comparison of investment options
98,Yes,1-3 years,Zerodha,Understanding financial terms,Friends/Family,4,Simple explanations; Better educational content,Rarely,Not knowing what to invest in,Better educational videos and examples
99,Yes,Less than 6 months,Groww,Understanding what to invest in,Investment App,2,Examples showing how investing works; Better educational content,Sometimes,Losing money,Better educational videos and examples
100,No,I haven't started yet,haven't used ant investment platform,I haven't started investing yet,Friends/Family,3,Simpler app interface; I haven't invested yet,I haven't used an investment app,Lack of knowledge,A better way to understand portfolio performance
101,Yes,1-3 years,Angle One,Understanding what to invest in,Instagram/Social Media,3,Simple explanations; Better information about investments,Sometimes,Not knowing what to invest in,A better way to understand portfolio performance
102,Yes,3+ years,Groww,Understanding financial terms,YouTube,2,Step-by-step guidance; Examples showing how investing works,Sometimes,Understanding financial terms,Easier comparison of investment options
103,Yes,1-3 years,Zerodha,Using the investment app,Financial Advisor,3,Better information about investments,Never,Losing money,Clearer order and transaction guidance
104,Yes,Less than 6 months,Groww,Choosing an order type,Google/Search,3,Clearer explanation of risk,Sometimes,Losing money,Clearer order and transaction guidance
105,Yes,1-3 years,Upstox,Nothing was particularly difficult,Financial Websites/News,3,Better information about investments,Sometimes,Understanding financial terms,Better guidance on choosing investments
106,No,I haven't started yet,haven't used ant investment platform,I haven't started investing yet,Friends/Family,3,Simple explanations; Better educational content,I haven't used an investment app,Losing money,More transparent fees and charges
107,Yes,1-3 years,Zerodha,Understanding what to invest in,Google/Search,5,Better educational content,Rarely,Market volatility,A better way to understand portfolio performance
108,Yes,1-3 years,Zerodha,Understanding financial terms,Google/Search,2,Simpler app interface,Rarely,Not knowing what to invest in,Personalized insights without making the app complicated
109,Yes,6 months-1 year,Zerodha,Nothing was particularly difficult,YouTube,2,Better information about investments; Better educational content,Never,Unclear charges,Personalized insights without making the app complicated
110,Yes,Less than 6 months,Zerodha,Understanding risk,Instagram/Social Media,3,Simple explanations; Clearer explanation of risk; Better educational content,Rarely,Losing money,A simple beginner-friendly learning section
111,No,I haven't started yet,haven't used ant investment platform,I haven't started investing yet,Friends/Family,3,Simple explanations,I haven't used an investment app,Understanding financial terms,Simpler charts and financial terminology
112,Yes,3+ years,Groww,Understanding risk,Google/Search,4,Simple explanations; Clearer explanation of risk,Sometimes,Not knowing what to invest in,More practical examples before investing
113,Yes,6 months-1 year,Zerodha,Understanding financial terms,YouTube,3,Better educational content; Simpler app interface,Never,Not knowing what to invest in,More transparent fees and charges
114,Yes,6 months-1 year,Zerodha,Knowing where to start,Reddit/Online Forums,1,Examples showing how investing works; Better educational content,Never,Lack of knowledge,Clearer order and transaction guidance
115,Yes,3+ years,Zerodha,Nothing was particularly difficult,Google/Search,4,Examples showing how investing works; Simple explanations,Sometimes,Lack of knowledge,A simple beginner-friendly learning section
116,Yes,1-3 years,Upstox,Choosing an order type,YouTube,4,Clearer explanation of risk; Examples showing how investing works,Rarely,Lack of knowledge,More practical examples before investing
117,No,I haven't started yet,haven't used ant investment platform,I haven't started investing yet,Instagram/Social Media,4,Clearer explanation of risk,I haven't used an investment app,Lack of knowledge,Clearer explanations of risks and charges
118,Yes,3+ years,Angle One,Nothing was particularly difficult,YouTube,4,Examples showing how investing works; Better educational content; Simpler app interface,Frequently,Understanding financial terms,Simpler charts and financial terminology
119,No,I haven't started yet,haven't used ant investment platform,I haven't started investing yet,Instagram/Social Media,4,Simpler app interface,I haven't used an investment app,Lack of knowledge,A simple beginner-friendly learning section
120,Yes,1-3 years,Zerodha,Understanding what to invest in,Financial Websites/News,5,Simpler app interface,Rarely,Losing money,Simpler charts and financial terminology
121,Yes,1-3 years,Groww,Knowing where to start,Friends/Family,2,Step-by-step guidance,Rarely,Making a transaction mistake,More practical examples before investing
122,No,I haven't started yet,haven't used ant investment platform,I haven't started investing yet,I don't usually research before investing,2,Simple explanations,I haven't used an investment app,Lack of knowledge,Better guidance on choosing investments
123,No,I haven't started yet,haven't used ant investment platform,I haven't started investing yet,Google/Search,4,Step-by-step guidance; Simple explanations; Better information about investments,I haven't used an investment app,Not knowing what to invest in,A simple beginner-friendly learning section
124,Yes,1-3 years,Angle One,Understanding financial terms,Friends/Family,4,Step-by-step guidance,Rarely,Lack of knowledge,Clearer order and transaction guidance
125,No,I haven't started yet,haven't used ant investment platform,I haven't started investing yet,YouTube,3,Step-by-step guidance; Clearer explanation of risk,I haven't used an investment app,Not knowing what to invest in,More practical examples before investing
126,No,I haven't started yet,haven't used ant investment platform,I haven't started investing yet,Google/Search,2,Better educational content; Step-by-step guidance,I haven't used an investment app,Other,Clearer order and transaction guidance
127,No,I haven't started yet,haven't used ant investment platform,I haven't started investing yet,Instagram/Social Media,2,Step-by-step guidance,I haven't used an investment app,Not knowing what to invest in,Clearer order and transaction guidance
128,Yes,6 months-1 year,Groww,Using the investment app,Instagram/Social Media,2,Better educational content,Rarely,Market volatility,Personalized insights without making the app complicated
129,No,I haven't started yet,haven't used ant investment platform,I haven't started investing yet,YouTube,3,Clearer explanation of risk,I haven't used an investment app,I don't have a major concern,Clearer explanations of risks and charges
130,Yes,6 months-1 year,Zerodha,Understanding what to invest in,YouTube,2,Better information about investments; Step-by-step guidance,Sometimes,Losing money,Step-by-step guidance for first-time investors
131,No,I haven't started yet,haven't used ant investment platform,I haven't started investing yet,Instagram/Social Media,4,Examples showing how investing works; I haven't invested yet,I haven't used an investment app,Understanding financial terms,A simple beginner-friendly learning section
132,Yes,6 months-1 year,Zerodha,Nothing was particularly difficult,Friends/Family,3,Step-by-step guidance,Rarely,Losing money,Clearer order and transaction guidance
133,Yes,Less than 6 months,Dhan,Understanding financial terms,YouTube,2,Examples showing how investing works; Better information about investments,Sometimes,Losing money,Better educational videos and examples
134,Yes,1-3 years,Groww,Understanding what to invest in,I don't usually research before investing,3,Better educational content,Rarely,Lack of knowledge,A better way to understand portfolio performance
135,Yes,6 months-1 year,Angle One,Understanding what to invest in,YouTube,2,Better educational content; Better information about investments,Rarely,Losing money,Simpler charts and financial terminology
136,Yes,3+ years,Zerodha,Understanding risk,Instagram/Social Media,4,Better educational content,Rarely,Unclear charges,Clearer explanations of risks and charges
137,Yes,Less than 6 months,Zerodha,Knowing where to start,Financial Advisor,2,Better educational content,Never,Lack of knowledge,Step-by-step guidance for first-time investors
138,Yes,1-3 years,Dhan,Understanding what to invest in,YouTube,3,Clearer explanation of risk; Better information about investments; Step-by-step guidance,Never,Understanding financial terms,Personalized insights without making the app complicated
139,Yes,1-3 years,Zerodha,Knowing where to start,Instagram/Social Media,3,Simple explanations,Never,Losing money,A better way to understand portfolio performance
140,Yes,1-3 years,Groww,Knowing where to start,Instagram/Social Media,3,Clearer explanation of risk; Better information about investments,Rarely,Market volatility,Clearer explanations of risks and charges
141,Yes,1-3 years,Zerodha,Choosing an order type,Friends/Family,5,Simple explanations; Step-by-step guidance,Sometimes,Lack of knowledge,A better way to understand portfolio performance
142,Yes,6 months-1 year,Groww,Understanding financial terms,Friends/Family,4,Examples showing how investing works; Better information about investments,Sometimes,Unclear charges,A better way to understand portfolio performance
143,Yes,3+ years,Upstox,Understanding what to invest in,Instagram/Social Media,5,Step-by-step guidance; Examples showing how investing works,Sometimes,Unclear charges,Personalized insights without making the app complicated
144,Yes,Less than 6 months,Upstox,Knowing where to start,Friends/Family,5,Simpler app interface; Better information about investments; Simple explanations,Rarely,I don't have a major concern,Step-by-step guidance for first-time investors
145,No,I haven't started yet,haven't used ant investment platform,I haven't started investing yet,Financial Advisor,3,Better educational content; Better information about investments,I haven't used an investment app,I don't have a major concern,A simple beginner-friendly learning section
146,No,I haven't started yet,haven't used ant investment platform,I haven't started investing yet,Investment App,2,Examples showing how investing works,I haven't used an investment app,Lack of knowledge,Easier comparison of investment options
147,Yes,3+ years,Upstox,Understanding what to invest in,Friends/Family,4,Step-by-step guidance; Better information about investments,Sometimes,Not knowing what to invest in,Personalized insights without making the app complicated
148,Yes,1-3 years,Upstox,Choosing an order type,Instagram/Social Media,3,Better educational content; Simple explanations,Rarely,Losing money,Easier comparison of investment options
149,Yes,Less than 6 months,Zerodha,Understanding risk,Google/Search,4,Simpler app interface,Never,Market volatility,Step-by-step guidance for first-time investors
150,Yes,6 months-1 year,Groww,Understanding financial terms,YouTube,4,Examples showing how investing works; Better information about investments,Sometimes,Making a transaction mistake,Clearer order and transaction guidance
